LINEAGE	WHO_LABEL	CONTRIBUTING_LINEAGES
XBB.1.5	Rekombinant	EK.1
XBB.1.5	Rekombinant	EK.2
XBB.1.5	Rekombinant	EK.2.1
XBB.1.5	Rekombinant	EK.3
XBB.1.5	Rekombinant	EK.4
XBB.1.5	Rekombinant	EL.1
XBB.1.5	Rekombinant	EM.1
XBB.1.5	Rekombinant	EU.1
XBB.1.5	Rekombinant	EU.1.1
XBB.1.5	Rekombinant	EU.1.1.1
XBB.1.5	Rekombinant	EU.1.1.2
XBB.1.5	Rekombinant	EU.1.1.3
XBB.1.5	Rekombinant	FD.1
XBB.1.5	Rekombinant	FD.1.1
XBB.1.5	Rekombinant	FD.2
XBB.1.5	Rekombinant	FD.2.1
XBB.1.5	Rekombinant	FD.3
XBB.1.5	Rekombinant	FD.4
XBB.1.5	Rekombinant	FD.4.1
XBB.1.5	Rekombinant	FD.5
XBB.1.5	Rekombinant	FD.5.1
XBB.1.5	Rekombinant	FG.1
XBB.1.5	Rekombinant	FG.2
XBB.1.5	Rekombinant	FG.3
XBB.1.5	Rekombinant	FH.1
XBB.1.5	Rekombinant	FT.1
XBB.1.5	Rekombinant	FT.2
XBB.1.5	Rekombinant	FT.3
XBB.1.5	Rekombinant	FT.3.1
XBB.1.5	Rekombinant	FT.3.1.1
XBB.1.5	Rekombinant	FT.4
XBB.1.5	Rekombinant	FZ.1
XBB.1.5	Rekombinant	FZ.1.1
XBB.1.5	Rekombinant	FZ.2
XBB.1.5	Rekombinant	GB.1
XBB.1.5	Rekombinant	GB.2
XBB.1.5	Rekombinant	GC.1
XBB.1.5	Rekombinant	GC.2
XBB.1.5	Rekombinant	GF.1
XBB.1.5	Rekombinant	GG.1
XBB.1.5	Rekombinant	GK.1
XBB.1.5	Rekombinant	GK.1.1
XBB.1.5	Rekombinant	GK.1.1.1
XBB.1.5	Rekombinant	GK.1.10
XBB.1.5	Rekombinant	GK.1.11
XBB.1.5	Rekombinant	GK.1.11.1
XBB.1.5	Rekombinant	GK.1.2
XBB.1.5	Rekombinant	GK.1.2.1
XBB.1.5	Rekombinant	GK.1.3
XBB.1.5	Rekombinant	GK.1.4
XBB.1.5	Rekombinant	GK.1.5
XBB.1.5	Rekombinant	GK.1.6
XBB.1.5	Rekombinant	GK.1.6.1
XBB.1.5	Rekombinant	GK.1.7
XBB.1.5	Rekombinant	GK.1.8
XBB.1.5	Rekombinant	GK.1.8.1
XBB.1.5	Rekombinant	GK.1.9
XBB.1.5	Rekombinant	GK.10
XBB.1.5	Rekombinant	GK.11
XBB.1.5	Rekombinant	GK.12
XBB.1.5	Rekombinant	GK.2
XBB.1.5	Rekombinant	GK.2.1
XBB.1.5	Rekombinant	GK.2.1.1
XBB.1.5	Rekombinant	GK.2.2
XBB.1.5	Rekombinant	GK.2.3
XBB.1.5	Rekombinant	GK.2.4
XBB.1.5	Rekombinant	GK.3
XBB.1.5	Rekombinant	GK.3.1
XBB.1.5	Rekombinant	GK.3.2
XBB.1.5	Rekombinant	GK.4
XBB.1.5	Rekombinant	GK.5
XBB.1.5	Rekombinant	GK.5.1
XBB.1.5	Rekombinant	GK.6
XBB.1.5	Rekombinant	GK.7
XBB.1.5	Rekombinant	GK.8
XBB.1.5	Rekombinant	GK.8.1
XBB.1.5	Rekombinant	GK.9
XBB.1.5	Rekombinant	GN.1
XBB.1.5	Rekombinant	GN.1.1
XBB.1.5	Rekombinant	GN.1.2
XBB.1.5	Rekombinant	GN.1.3
XBB.1.5	Rekombinant	GN.1.4
XBB.1.5	Rekombinant	GN.2
XBB.1.5	Rekombinant	GN.3
XBB.1.5	Rekombinant	GN.4
XBB.1.5	Rekombinant	GN.5
XBB.1.5	Rekombinant	GR.1
XBB.1.5	Rekombinant	GU.1
XBB.1.5	Rekombinant	GV.1
XBB.1.5	Rekombinant	HA.1
XBB.1.5	Rekombinant	HA.2
XBB.1.5	Rekombinant	HC.1
XBB.1.5	Rekombinant	HC.2
XBB.1.5	Rekombinant	HC.3
XBB.1.5	Rekombinant	HC.4
XBB.1.5	Rekombinant	HD.1
XBB.1.5	Rekombinant	HD.1.1
XBB.1.5	Rekombinant	HJ.1
XBB.1.5	Rekombinant	HM.1
XBB.1.5	Rekombinant	HP.1
XBB.1.5	Rekombinant	HP.1.1
XBB.1.5	Rekombinant	HQ.1
XBB.1.5	Rekombinant	HR.1
XBB.1.5	Rekombinant	HR.1.1
XBB.1.5	Rekombinant	HS.1
XBB.1.5	Rekombinant	HS.1.1
XBB.1.5	Rekombinant	HT.1
XBB.1.5	Rekombinant	HT.2
XBB.1.5	Rekombinant	HY.1
XBB.1.5	Rekombinant	HZ.1
XBB.1.5	Rekombinant	HZ.2
XBB.1.5	Rekombinant	HZ.3
XBB.1.5	Rekombinant	JB.1
XBB.1.5	Rekombinant	JB.1.1
XBB.1.5	Rekombinant	JB.2
XBB.1.5	Rekombinant	JB.2.1
XBB.1.5	Rekombinant	JD.1
XBB.1.5	Rekombinant	JD.1.1
XBB.1.5	Rekombinant	JD.1.1.1
XBB.1.5	Rekombinant	JD.1.1.2
XBB.1.5	Rekombinant	JD.1.1.3
XBB.1.5	Rekombinant	JD.1.1.4
XBB.1.5	Rekombinant	JD.1.1.5
XBB.1.5	Rekombinant	JD.1.1.6
XBB.1.5	Rekombinant	JD.1.1.7
XBB.1.5	Rekombinant	JD.1.1.8
XBB.1.5	Rekombinant	JD.1.2
XBB.1.5	Rekombinant	JD.1.2.1
XBB.1.5	Rekombinant	JD.1.2.2
XBB.1.5	Rekombinant	JD.2
XBB.1.5	Rekombinant	JD.2.1
XBB.1.5	Rekombinant	JK.1
XBB.1.5	Rekombinant	JZ.1
XBB.1.5	Rekombinant	KA.1
XBB.1.5	Rekombinant	KK.1
XBB.1.5	Rekombinant	KK.2
XBB.1.5	Rekombinant	XBB.1.5
XBB.1.5	Rekombinant	XBB.1.5.1
XBB.1.5	Rekombinant	XBB.1.5.10
XBB.1.5	Rekombinant	XBB.1.5.100
XBB.1.5	Rekombinant	XBB.1.5.101
XBB.1.5	Rekombinant	XBB.1.5.102
XBB.1.5	Rekombinant	XBB.1.5.103
XBB.1.5	Rekombinant	XBB.1.5.104
XBB.1.5	Rekombinant	XBB.1.5.105
XBB.1.5	Rekombinant	XBB.1.5.106
XBB.1.5	Rekombinant	XBB.1.5.107
XBB.1.5	Rekombinant	XBB.1.5.108
XBB.1.5	Rekombinant	XBB.1.5.109
XBB.1.5	Rekombinant	XBB.1.5.11
XBB.1.5	Rekombinant	XBB.1.5.110
XBB.1.5	Rekombinant	XBB.1.5.12
XBB.1.5	Rekombinant	XBB.1.5.13
XBB.1.5	Rekombinant	XBB.1.5.14
XBB.1.5	Rekombinant	XBB.1.5.15
XBB.1.5	Rekombinant	XBB.1.5.16
XBB.1.5	Rekombinant	XBB.1.5.17
XBB.1.5	Rekombinant	XBB.1.5.18
XBB.1.5	Rekombinant	XBB.1.5.19
XBB.1.5	Rekombinant	XBB.1.5.2
XBB.1.5	Rekombinant	XBB.1.5.20
XBB.1.5	Rekombinant	XBB.1.5.21
XBB.1.5	Rekombinant	XBB.1.5.22
XBB.1.5	Rekombinant	XBB.1.5.23
XBB.1.5	Rekombinant	XBB.1.5.24
XBB.1.5	Rekombinant	XBB.1.5.25
XBB.1.5	Rekombinant	XBB.1.5.26
XBB.1.5	Rekombinant	XBB.1.5.27
XBB.1.5	Rekombinant	XBB.1.5.28
XBB.1.5	Rekombinant	XBB.1.5.29
XBB.1.5	Rekombinant	XBB.1.5.3
XBB.1.5	Rekombinant	XBB.1.5.30
XBB.1.5	Rekombinant	XBB.1.5.31
XBB.1.5	Rekombinant	XBB.1.5.32
XBB.1.5	Rekombinant	XBB.1.5.33
XBB.1.5	Rekombinant	XBB.1.5.34
XBB.1.5	Rekombinant	XBB.1.5.35
XBB.1.5	Rekombinant	XBB.1.5.36
XBB.1.5	Rekombinant	XBB.1.5.37
XBB.1.5	Rekombinant	XBB.1.5.38
XBB.1.5	Rekombinant	XBB.1.5.39
XBB.1.5	Rekombinant	XBB.1.5.4
XBB.1.5	Rekombinant	XBB.1.5.40
XBB.1.5	Rekombinant	XBB.1.5.41
XBB.1.5	Rekombinant	XBB.1.5.42
XBB.1.5	Rekombinant	XBB.1.5.43
XBB.1.5	Rekombinant	XBB.1.5.44
XBB.1.5	Rekombinant	XBB.1.5.45
XBB.1.5	Rekombinant	XBB.1.5.46
XBB.1.5	Rekombinant	XBB.1.5.47
XBB.1.5	Rekombinant	XBB.1.5.48
XBB.1.5	Rekombinant	XBB.1.5.49
XBB.1.5	Rekombinant	XBB.1.5.5
XBB.1.5	Rekombinant	XBB.1.5.50
XBB.1.5	Rekombinant	XBB.1.5.51
XBB.1.5	Rekombinant	XBB.1.5.52
XBB.1.5	Rekombinant	XBB.1.5.53
XBB.1.5	Rekombinant	XBB.1.5.54
XBB.1.5	Rekombinant	XBB.1.5.55
XBB.1.5	Rekombinant	XBB.1.5.56
XBB.1.5	Rekombinant	XBB.1.5.57
XBB.1.5	Rekombinant	XBB.1.5.58
XBB.1.5	Rekombinant	XBB.1.5.59
XBB.1.5	Rekombinant	XBB.1.5.6
XBB.1.5	Rekombinant	XBB.1.5.60
XBB.1.5	Rekombinant	XBB.1.5.61
XBB.1.5	Rekombinant	XBB.1.5.62
XBB.1.5	Rekombinant	XBB.1.5.63
XBB.1.5	Rekombinant	XBB.1.5.64
XBB.1.5	Rekombinant	XBB.1.5.65
XBB.1.5	Rekombinant	XBB.1.5.66
XBB.1.5	Rekombinant	XBB.1.5.67
XBB.1.5	Rekombinant	XBB.1.5.68
XBB.1.5	Rekombinant	XBB.1.5.69
XBB.1.5	Rekombinant	XBB.1.5.7
XBB.1.5	Rekombinant	XBB.1.5.70
XBB.1.5	Rekombinant	XBB.1.5.71
XBB.1.5	Rekombinant	XBB.1.5.72
XBB.1.5	Rekombinant	XBB.1.5.73
XBB.1.5	Rekombinant	XBB.1.5.74
XBB.1.5	Rekombinant	XBB.1.5.75
XBB.1.5	Rekombinant	XBB.1.5.76
XBB.1.5	Rekombinant	XBB.1.5.77
XBB.1.5	Rekombinant	XBB.1.5.78
XBB.1.5	Rekombinant	XBB.1.5.79
XBB.1.5	Rekombinant	XBB.1.5.8
XBB.1.5	Rekombinant	XBB.1.5.80
XBB.1.5	Rekombinant	XBB.1.5.81
XBB.1.5	Rekombinant	XBB.1.5.82
XBB.1.5	Rekombinant	XBB.1.5.83
XBB.1.5	Rekombinant	XBB.1.5.84
XBB.1.5	Rekombinant	XBB.1.5.85
XBB.1.5	Rekombinant	XBB.1.5.86
XBB.1.5	Rekombinant	XBB.1.5.87
XBB.1.5	Rekombinant	XBB.1.5.88
XBB.1.5	Rekombinant	XBB.1.5.89
XBB.1.5	Rekombinant	XBB.1.5.9
XBB.1.5	Rekombinant	XBB.1.5.90
XBB.1.5	Rekombinant	XBB.1.5.91
XBB.1.5	Rekombinant	XBB.1.5.92
XBB.1.5	Rekombinant	XBB.1.5.93
XBB.1.5	Rekombinant	XBB.1.5.94
XBB.1.5	Rekombinant	XBB.1.5.95
XBB.1.5	Rekombinant	XBB.1.5.96
XBB.1.5	Rekombinant	XBB.1.5.97
XBB.1.5	Rekombinant	XBB.1.5.98
XBB.1.5	Rekombinant	XBB.1.5.99
XBB.1.16	Rekombinant	FU.1
XBB.1.16	Rekombinant	FU.1.1
XBB.1.16	Rekombinant	FU.1.1.1
XBB.1.16	Rekombinant	FU.2
XBB.1.16	Rekombinant	FU.2.1
XBB.1.16	Rekombinant	FU.3
XBB.1.16	Rekombinant	FU.3.1
XBB.1.16	Rekombinant	FU.4
XBB.1.16	Rekombinant	FU.5
XBB.1.16	Rekombinant	GY.1
XBB.1.16	Rekombinant	GY.1.1
XBB.1.16	Rekombinant	GY.1.1.1
XBB.1.16	Rekombinant	GY.2
XBB.1.16	Rekombinant	GY.2.1
XBB.1.16	Rekombinant	GY.3
XBB.1.16	Rekombinant	GY.4
XBB.1.16	Rekombinant	GY.5
XBB.1.16	Rekombinant	GY.6
XBB.1.16	Rekombinant	GY.7
XBB.1.16	Rekombinant	GY.8
XBB.1.16	Rekombinant	GY.9
XBB.1.16	Rekombinant	HF.1
XBB.1.16	Rekombinant	HF.1.1
XBB.1.16	Rekombinant	HF.1.2
XBB.1.16	Rekombinant	JF.1
XBB.1.16	Rekombinant	JF.1.1
XBB.1.16	Rekombinant	JF.1.1.1
XBB.1.16	Rekombinant	JF.1.1.2
XBB.1.16	Rekombinant	JF.2
XBB.1.16	Rekombinant	JF.3
XBB.1.16	Rekombinant	JF.4
XBB.1.16	Rekombinant	JM.1
XBB.1.16	Rekombinant	JM.2
XBB.1.16	Rekombinant	KJ.1
XBB.1.16	Rekombinant	XBB.1.16
XBB.1.16	Rekombinant	XBB.1.16.1
XBB.1.16	Rekombinant	XBB.1.16.10
XBB.1.16	Rekombinant	XBB.1.16.11
XBB.1.16	Rekombinant	XBB.1.16.12
XBB.1.16	Rekombinant	XBB.1.16.13
XBB.1.16	Rekombinant	XBB.1.16.14
XBB.1.16	Rekombinant	XBB.1.16.15
XBB.1.16	Rekombinant	XBB.1.16.16
XBB.1.16	Rekombinant	XBB.1.16.17
XBB.1.16	Rekombinant	XBB.1.16.18
XBB.1.16	Rekombinant	XBB.1.16.19
XBB.1.16	Rekombinant	XBB.1.16.2
XBB.1.16	Rekombinant	XBB.1.16.20
XBB.1.16	Rekombinant	XBB.1.16.21
XBB.1.16	Rekombinant	XBB.1.16.22
XBB.1.16	Rekombinant	XBB.1.16.23
XBB.1.16	Rekombinant	XBB.1.16.24
XBB.1.16	Rekombinant	XBB.1.16.25
XBB.1.16	Rekombinant	XBB.1.16.26
XBB.1.16	Rekombinant	XBB.1.16.27
XBB.1.16	Rekombinant	XBB.1.16.28
XBB.1.16	Rekombinant	XBB.1.16.29
XBB.1.16	Rekombinant	XBB.1.16.3
XBB.1.16	Rekombinant	XBB.1.16.30
XBB.1.16	Rekombinant	XBB.1.16.31
XBB.1.16	Rekombinant	XBB.1.16.32
XBB.1.16	Rekombinant	XBB.1.16.4
XBB.1.16	Rekombinant	XBB.1.16.5
XBB.1.16	Rekombinant	XBB.1.16.6
XBB.1.16	Rekombinant	XBB.1.16.7
XBB.1.16	Rekombinant	XBB.1.16.8
XBB.1.16	Rekombinant	XBB.1.16.9
EG.5	Rekombinant	EG.5
EG.5	Rekombinant	EG.5.1
EG.5	Rekombinant	EG.5.1.1
EG.5	Rekombinant	EG.5.1.10
EG.5	Rekombinant	EG.5.1.11
EG.5	Rekombinant	EG.5.1.12
EG.5	Rekombinant	EG.5.1.13
EG.5	Rekombinant	EG.5.1.14
EG.5	Rekombinant	EG.5.1.15
EG.5	Rekombinant	EG.5.1.16
EG.5	Rekombinant	EG.5.1.17
EG.5	Rekombinant	EG.5.1.18
EG.5	Rekombinant	EG.5.1.19
EG.5	Rekombinant	EG.5.1.2
EG.5	Rekombinant	EG.5.1.3
EG.5	Rekombinant	EG.5.1.4
EG.5	Rekombinant	EG.5.1.5
EG.5	Rekombinant	EG.5.1.6
EG.5	Rekombinant	EG.5.1.7
EG.5	Rekombinant	EG.5.1.8
EG.5	Rekombinant	EG.5.1.9
EG.5	Rekombinant	EG.5.2
EG.5	Rekombinant	EG.5.2.1
EG.5	Rekombinant	EG.5.2.2
EG.5	Rekombinant	EG.5.2.3
EG.5	Rekombinant	EG.5.2.4
EG.5	Rekombinant	HK.1
EG.5	Rekombinant	HK.1.2
EG.5	Rekombinant	HK.11
EG.5	Rekombinant	HK.11.1
EG.5	Rekombinant	HK.12
EG.5	Rekombinant	HK.13
EG.5	Rekombinant	HK.13.1
EG.5	Rekombinant	HK.13.2
EG.5	Rekombinant	HK.14
EG.5	Rekombinant	HK.15
EG.5	Rekombinant	HK.16
EG.5	Rekombinant	HK.17
EG.5	Rekombinant	HK.18
EG.5	Rekombinant	HK.19
EG.5	Rekombinant	HK.2
EG.5	Rekombinant	HK.2.1
EG.5	Rekombinant	HK.20
EG.5	Rekombinant	HK.20.1
EG.5	Rekombinant	HK.21
EG.5	Rekombinant	HK.22
EG.5	Rekombinant	HK.23
EG.5	Rekombinant	HK.23.1
EG.5	Rekombinant	HK.23.1.1
EG.5	Rekombinant	HK.24
EG.5	Rekombinant	HK.24.1
EG.5	Rekombinant	HK.25
EG.5	Rekombinant	HK.26
EG.5	Rekombinant	HK.26.1
EG.5	Rekombinant	HK.27
EG.5	Rekombinant	HK.27.1
EG.5	Rekombinant	HK.27.1.1
EG.5	Rekombinant	HK.28
EG.5	Rekombinant	HK.29
EG.5	Rekombinant	HK.3
EG.5	Rekombinant	HK.3.1
EG.5	Rekombinant	HK.3.10
EG.5	Rekombinant	HK.3.11
EG.5	Rekombinant	HK.3.12
EG.5	Rekombinant	HK.3.13
EG.5	Rekombinant	HK.3.14
EG.5	Rekombinant	HK.3.2
EG.5	Rekombinant	HK.3.2.1
EG.5	Rekombinant	HK.3.2.2
EG.5	Rekombinant	HK.3.3
EG.5	Rekombinant	HK.3.4
EG.5	Rekombinant	HK.3.5
EG.5	Rekombinant	HK.3.6
EG.5	Rekombinant	HK.3.7
EG.5	Rekombinant	HK.3.8
EG.5	Rekombinant	HK.3.9
EG.5	Rekombinant	HK.30
EG.5	Rekombinant	HK.31
EG.5	Rekombinant	HK.32
EG.5	Rekombinant	HK.33
EG.5	Rekombinant	HK.34
EG.5	Rekombinant	HK.34.1
EG.5	Rekombinant	HK.4
EG.5	Rekombinant	HK.5
EG.5	Rekombinant	HK.6
EG.5	Rekombinant	HK.7
EG.5	Rekombinant	HK.8
EG.5	Rekombinant	HK.8.1
EG.5	Rekombinant	HK.9
EG.5	Rekombinant	HV.1
EG.5	Rekombinant	HV.1.1
EG.5	Rekombinant	HV.1.10
EG.5	Rekombinant	HV.1.11
EG.5	Rekombinant	HV.1.2
EG.5	Rekombinant	HV.1.3
EG.5	Rekombinant	HV.1.4
EG.5	Rekombinant	HV.1.5
EG.5	Rekombinant	HV.1.6
EG.5	Rekombinant	HV.1.6.1
EG.5	Rekombinant	HV.1.7
EG.5	Rekombinant	HV.1.8
EG.5	Rekombinant	HV.1.9
EG.5	Rekombinant	HV.2
EG.5	Rekombinant	JG.1
EG.5	Rekombinant	JG.2
EG.5	Rekombinant	JG.3
EG.5	Rekombinant	JG.3.1
EG.5	Rekombinant	JG.3.2
EG.5	Rekombinant	JG.3.3
EG.5	Rekombinant	JG.3.4
EG.5	Rekombinant	JG.4
EG.5	Rekombinant	JJ.1
EG.5	Rekombinant	JR.1
EG.5	Rekombinant	JR.1.1
EG.5	Rekombinant	JR.1.1.1
EG.5	Rekombinant	KB.1
EG.5	Rekombinant	KB.2
EG.5	Rekombinant	KB.3
EG.5	Rekombinant	KB.4
EG.5	Rekombinant	KL.1
EG.5	Rekombinant	KL.1.1
DV.7	Omikron	DV.7
DV.7	Omikron	DV.7.1
DV.7	Omikron	DV.7.1.1
DV.7	Omikron	DV.7.1.2
DV.7	Omikron	DV.7.1.3
DV.7	Omikron	DV.7.1.4
DV.7	Omikron	DV.7.1.5
DV.7	Omikron	DV.7.1.6
DV.7	Omikron	DV.7.1.7
DV.7	Omikron	DV.7.1.8
DV.7	Omikron	DV.7.1.9
DV.7	Omikron	DV.7.2
DV.7	Omikron	JV.1
DV.7	Omikron	JV.2
DV.7	Omikron	KG.1
DV.7	Omikron	KG.2
XBB	Rekombinant	FE.1
XBB	Rekombinant	FE.1.1
XBB	Rekombinant	FE.1.1.1
XBB	Rekombinant	FE.1.1.2
XBB	Rekombinant	FE.1.1.3
XBB	Rekombinant	FE.1.1.4
XBB	Rekombinant	FE.1.1.5
XBB	Rekombinant	FE.1.2
XBB	Rekombinant	FP.1
XBB	Rekombinant	FP.2
XBB	Rekombinant	FP.2.1
XBB	Rekombinant	FP.2.1.1
XBB	Rekombinant	FP.2.1.2
XBB	Rekombinant	FP.3
XBB	Rekombinant	FP.4
XBB	Rekombinant	FW.1
XBB	Rekombinant	FW.1.1
XBB	Rekombinant	FW.1.1.1
XBB	Rekombinant	FW.2
XBB	Rekombinant	FW.3
XBB	Rekombinant	FY.1
XBB	Rekombinant	FY.1.1
XBB	Rekombinant	FY.1.2
XBB	Rekombinant	FY.1.2.1
XBB	Rekombinant	FY.1.2.2
XBB	Rekombinant	FY.1.2.3
XBB	Rekombinant	FY.1.3
XBB	Rekombinant	FY.1.4
XBB	Rekombinant	FY.1.4.1
XBB	Rekombinant	FY.2
XBB	Rekombinant	FY.2.1
XBB	Rekombinant	FY.3
XBB	Rekombinant	FY.3.1
XBB	Rekombinant	FY.3.2
XBB	Rekombinant	FY.3.3
XBB	Rekombinant	FY.4
XBB	Rekombinant	FY.4.1
XBB	Rekombinant	FY.4.1.1
XBB	Rekombinant	FY.4.1.2
XBB	Rekombinant	FY.4.2
XBB	Rekombinant	FY.5
XBB	Rekombinant	FY.5.1
XBB	Rekombinant	FY.5.1.1
XBB	Rekombinant	FY.5.2
XBB	Rekombinant	FY.5.3
XBB	Rekombinant	FY.5.4
XBB	Rekombinant	FY.5.5
XBB	Rekombinant	FY.5.5.1
XBB	Rekombinant	FY.6
XBB	Rekombinant	FY.6.1
XBB	Rekombinant	FY.6.2
XBB	Rekombinant	FY.7
XBB	Rekombinant	FY.8
XBB	Rekombinant	FY.8.1
XBB	Rekombinant	FY.8.1.1
XBB	Rekombinant	FY.9
XBB	Rekombinant	GA.1
XBB	Rekombinant	GA.10
XBB	Rekombinant	GA.10.1
XBB	Rekombinant	GA.2
XBB	Rekombinant	GA.2.1
XBB	Rekombinant	GA.2.1.1
XBB	Rekombinant	GA.3
XBB	Rekombinant	GA.4
XBB	Rekombinant	GA.4.1
XBB	Rekombinant	GA.4.1.1
XBB	Rekombinant	GA.4.1.2
XBB	Rekombinant	GA.4.1.3
XBB	Rekombinant	GA.4.2
XBB	Rekombinant	GA.4.3
XBB	Rekombinant	GA.5
XBB	Rekombinant	GA.6
XBB	Rekombinant	GA.6.1
XBB	Rekombinant	GA.7
XBB	Rekombinant	GA.7.1
XBB	Rekombinant	GA.7.2
XBB	Rekombinant	GA.8
XBB	Rekombinant	GA.8.1
XBB	Rekombinant	GA.9
XBB	Rekombinant	GD.1
XBB	Rekombinant	GD.2
XBB	Rekombinant	GD.3
XBB	Rekombinant	GH.1
XBB	Rekombinant	GW.1
XBB	Rekombinant	GW.1.1
XBB	Rekombinant	GW.2
XBB	Rekombinant	GW.3
XBB	Rekombinant	GW.4
XBB	Rekombinant	GW.5
XBB	Rekombinant	GW.5.1
XBB	Rekombinant	GW.5.1.1
XBB	Rekombinant	GW.5.2
XBB	Rekombinant	GW.5.3
XBB	Rekombinant	GW.5.3.1
XBB	Rekombinant	HB.1
XBB	Rekombinant	HE.1
XBB	Rekombinant	HE.2
XBB	Rekombinant	HL.1
XBB	Rekombinant	HL.2
XBB	Rekombinant	HU.1
XBB	Rekombinant	HU.1.1
XBB	Rekombinant	HU.2
XBB	Rekombinant	JC.1
XBB	Rekombinant	JC.2
XBB	Rekombinant	JC.3
XBB	Rekombinant	JC.4
XBB	Rekombinant	JC.5
XBB	Rekombinant	JC.5.1
XBB	Rekombinant	JC.6
XBB	Rekombinant	JW.1
XBB	Rekombinant	JW.1.1
XBB	Rekombinant	KE.1
XBB	Rekombinant	KE.2
XBB	Rekombinant	KE.3
XBB	Rekombinant	XBB
XBB	Rekombinant	XBB.1
XBB	Rekombinant	XBB.1.1
XBB	Rekombinant	XBB.1.10
XBB	Rekombinant	XBB.1.11
XBB	Rekombinant	XBB.1.11.1
XBB	Rekombinant	XBB.1.12
XBB	Rekombinant	XBB.1.12.1
XBB	Rekombinant	XBB.1.13
XBB	Rekombinant	XBB.1.13.1
XBB	Rekombinant	XBB.1.14
XBB	Rekombinant	XBB.1.14.1
XBB	Rekombinant	XBB.1.15
XBB	Rekombinant	XBB.1.15.1
XBB	Rekombinant	XBB.1.17
XBB	Rekombinant	XBB.1.17.1
XBB	Rekombinant	XBB.1.17.2
XBB	Rekombinant	XBB.1.18
XBB	Rekombinant	XBB.1.18.1
XBB	Rekombinant	XBB.1.19
XBB	Rekombinant	XBB.1.19.1
XBB	Rekombinant	XBB.1.19.2
XBB	Rekombinant	XBB.1.2
XBB	Rekombinant	XBB.1.20
XBB	Rekombinant	XBB.1.21
XBB	Rekombinant	XBB.1.22
XBB	Rekombinant	XBB.1.22.1
XBB	Rekombinant	XBB.1.22.2
XBB	Rekombinant	XBB.1.22.3
XBB	Rekombinant	XBB.1.23
XBB	Rekombinant	XBB.1.24
XBB	Rekombinant	XBB.1.24.1
XBB	Rekombinant	XBB.1.24.2
XBB	Rekombinant	XBB.1.24.3
XBB	Rekombinant	XBB.1.25
XBB	Rekombinant	XBB.1.26
XBB	Rekombinant	XBB.1.27
XBB	Rekombinant	XBB.1.28
XBB	Rekombinant	XBB.1.28.1
XBB	Rekombinant	XBB.1.29
XBB	Rekombinant	XBB.1.3
XBB	Rekombinant	XBB.1.30
XBB	Rekombinant	XBB.1.31
XBB	Rekombinant	XBB.1.31.1
XBB	Rekombinant	XBB.1.31.2
XBB	Rekombinant	XBB.1.32
XBB	Rekombinant	XBB.1.32.1
XBB	Rekombinant	XBB.1.33
XBB	Rekombinant	XBB.1.34
XBB	Rekombinant	XBB.1.34.1
XBB	Rekombinant	XBB.1.34.2
XBB	Rekombinant	XBB.1.35
XBB	Rekombinant	XBB.1.36
XBB	Rekombinant	XBB.1.37
XBB	Rekombinant	XBB.1.37.1
XBB	Rekombinant	XBB.1.38
XBB	Rekombinant	XBB.1.38.1
XBB	Rekombinant	XBB.1.39
XBB	Rekombinant	XBB.1.4
XBB	Rekombinant	XBB.1.4.1
XBB	Rekombinant	XBB.1.4.2
XBB	Rekombinant	XBB.1.40
XBB	Rekombinant	XBB.1.41
XBB	Rekombinant	XBB.1.41.1
XBB	Rekombinant	XBB.1.41.2
XBB	Rekombinant	XBB.1.41.3
XBB	Rekombinant	XBB.1.42
XBB	Rekombinant	XBB.1.42.1
XBB	Rekombinant	XBB.1.42.2
XBB	Rekombinant	XBB.1.43
XBB	Rekombinant	XBB.1.43.1
XBB	Rekombinant	XBB.1.44
XBB	Rekombinant	XBB.1.44.1
XBB	Rekombinant	XBB.1.45
XBB	Rekombinant	XBB.1.45.1
XBB	Rekombinant	XBB.1.46
XBB	Rekombinant	XBB.1.47
XBB	Rekombinant	XBB.1.47.1
XBB	Rekombinant	XBB.1.48
XBB	Rekombinant	XBB.1.49
XBB	Rekombinant	XBB.1.6
XBB	Rekombinant	XBB.1.7
XBB	Rekombinant	XBB.1.8
XBB	Rekombinant	XBB.1.9
XBB	Rekombinant	XBB.1.9.3
XBB	Rekombinant	XBB.1.9.4
XBB	Rekombinant	XBB.1.9.5
XBB	Rekombinant	XBB.1.9.6
XBB	Rekombinant	XBB.1.9.7
XBB	Rekombinant	XBB.2
XBB	Rekombinant	XBB.2.1
XBB	Rekombinant	XBB.2.10
XBB	Rekombinant	XBB.2.11
XBB	Rekombinant	XBB.2.11.1
XBB	Rekombinant	XBB.2.12
XBB	Rekombinant	XBB.2.2
XBB	Rekombinant	XBB.2.4
XBB	Rekombinant	XBB.2.5
XBB	Rekombinant	XBB.2.6
XBB	Rekombinant	XBB.2.6.1
XBB	Rekombinant	XBB.2.6.2
XBB	Rekombinant	XBB.2.6.3
XBB	Rekombinant	XBB.2.7
XBB	Rekombinant	XBB.2.7.1
XBB	Rekombinant	XBB.2.8
XBB	Rekombinant	XBB.2.9
XBB	Rekombinant	XBB.3
XBB	Rekombinant	XBB.3.1
XBB	Rekombinant	XBB.3.2
XBB	Rekombinant	XBB.3.3
XBB	Rekombinant	XBB.3.4
XBB	Rekombinant	XBB.3.5
XBB	Rekombinant	XBB.4
XBB	Rekombinant	XBB.4.1
XBB	Rekombinant	XBB.5
XBB	Rekombinant	XBB.6
XBB	Rekombinant	XBB.6.1
XBB	Rekombinant	XBB.7
XBB	Rekombinant	XBB.8
XBB	Rekombinant	XBB.8.1
XBB	Rekombinant	XBB.8.2
XBB	Rekombinant	XBB.9
XBB.1.9.1	Rekombinant	FL.1
XBB.1.9.1	Rekombinant	FL.1.1
XBB.1.9.1	Rekombinant	FL.1.1.1
XBB.1.9.1	Rekombinant	FL.1.2
XBB.1.9.1	Rekombinant	FL.1.3
XBB.1.9.1	Rekombinant	FL.1.4
XBB.1.9.1	Rekombinant	FL.1.5
XBB.1.9.1	Rekombinant	FL.1.5.1
XBB.1.9.1	Rekombinant	FL.1.5.2
XBB.1.9.1	Rekombinant	FL.1.6
XBB.1.9.1	Rekombinant	FL.1.7
XBB.1.9.1	Rekombinant	FL.1.8
XBB.1.9.1	Rekombinant	FL.10
XBB.1.9.1	Rekombinant	FL.10.1
XBB.1.9.1	Rekombinant	FL.10.2
XBB.1.9.1	Rekombinant	FL.10.3
XBB.1.9.1	Rekombinant	FL.11
XBB.1.9.1	Rekombinant	FL.12
XBB.1.9.1	Rekombinant	FL.13
XBB.1.9.1	Rekombinant	FL.13.1
XBB.1.9.1	Rekombinant	FL.13.2
XBB.1.9.1	Rekombinant	FL.13.2.1
XBB.1.9.1	Rekombinant	FL.13.3
XBB.1.9.1	Rekombinant	FL.13.3.1
XBB.1.9.1	Rekombinant	FL.13.4
XBB.1.9.1	Rekombinant	FL.13.4.1
XBB.1.9.1	Rekombinant	FL.13.5
XBB.1.9.1	Rekombinant	FL.14
XBB.1.9.1	Rekombinant	FL.15
XBB.1.9.1	Rekombinant	FL.15.1
XBB.1.9.1	Rekombinant	FL.15.1.1
XBB.1.9.1	Rekombinant	FL.15.2
XBB.1.9.1	Rekombinant	FL.15.3
XBB.1.9.1	Rekombinant	FL.15.4
XBB.1.9.1	Rekombinant	FL.16
XBB.1.9.1	Rekombinant	FL.17
XBB.1.9.1	Rekombinant	FL.17.1
XBB.1.9.1	Rekombinant	FL.17.2
XBB.1.9.1	Rekombinant	FL.18
XBB.1.9.1	Rekombinant	FL.18.1
XBB.1.9.1	Rekombinant	FL.18.1.1
XBB.1.9.1	Rekombinant	FL.19
XBB.1.9.1	Rekombinant	FL.19.1
XBB.1.9.1	Rekombinant	FL.2
XBB.1.9.1	Rekombinant	FL.2.1
XBB.1.9.1	Rekombinant	FL.2.2
XBB.1.9.1	Rekombinant	FL.2.2.1
XBB.1.9.1	Rekombinant	FL.2.3
XBB.1.9.1	Rekombinant	FL.2.3.1
XBB.1.9.1	Rekombinant	FL.2.4
XBB.1.9.1	Rekombinant	FL.2.5
XBB.1.9.1	Rekombinant	FL.2.6
XBB.1.9.1	Rekombinant	FL.2.7
XBB.1.9.1	Rekombinant	FL.2.7.1
XBB.1.9.1	Rekombinant	FL.20
XBB.1.9.1	Rekombinant	FL.20.1
XBB.1.9.1	Rekombinant	FL.20.2
XBB.1.9.1	Rekombinant	FL.21
XBB.1.9.1	Rekombinant	FL.21.1
XBB.1.9.1	Rekombinant	FL.21.2
XBB.1.9.1	Rekombinant	FL.22
XBB.1.9.1	Rekombinant	FL.23
XBB.1.9.1	Rekombinant	FL.23.1
XBB.1.9.1	Rekombinant	FL.23.2
XBB.1.9.1	Rekombinant	FL.23.2.1
XBB.1.9.1	Rekombinant	FL.24
XBB.1.9.1	Rekombinant	FL.24.1
XBB.1.9.1	Rekombinant	FL.25
XBB.1.9.1	Rekombinant	FL.26
XBB.1.9.1	Rekombinant	FL.26.1
XBB.1.9.1	Rekombinant	FL.27
XBB.1.9.1	Rekombinant	FL.28
XBB.1.9.1	Rekombinant	FL.29
XBB.1.9.1	Rekombinant	FL.3
XBB.1.9.1	Rekombinant	FL.3.1
XBB.1.9.1	Rekombinant	FL.3.2
XBB.1.9.1	Rekombinant	FL.3.3
XBB.1.9.1	Rekombinant	FL.3.4
XBB.1.9.1	Rekombinant	FL.30
XBB.1.9.1	Rekombinant	FL.30.1
XBB.1.9.1	Rekombinant	FL.31
XBB.1.9.1	Rekombinant	FL.31.1
XBB.1.9.1	Rekombinant	FL.32
XBB.1.9.1	Rekombinant	FL.32.1
XBB.1.9.1	Rekombinant	FL.33
XBB.1.9.1	Rekombinant	FL.33.1
XBB.1.9.1	Rekombinant	FL.34
XBB.1.9.1	Rekombinant	FL.35
XBB.1.9.1	Rekombinant	FL.35.1
XBB.1.9.1	Rekombinant	FL.36
XBB.1.9.1	Rekombinant	FL.37
XBB.1.9.1	Rekombinant	FL.38
XBB.1.9.1	Rekombinant	FL.39
XBB.1.9.1	Rekombinant	FL.39.1
XBB.1.9.1	Rekombinant	FL.4
XBB.1.9.1	Rekombinant	FL.4.1
XBB.1.9.1	Rekombinant	FL.4.1.1
XBB.1.9.1	Rekombinant	FL.4.10
XBB.1.9.1	Rekombinant	FL.4.11
XBB.1.9.1	Rekombinant	FL.4.2
XBB.1.9.1	Rekombinant	FL.4.3
XBB.1.9.1	Rekombinant	FL.4.4
XBB.1.9.1	Rekombinant	FL.4.5
XBB.1.9.1	Rekombinant	FL.4.6
XBB.1.9.1	Rekombinant	FL.4.7
XBB.1.9.1	Rekombinant	FL.4.8
XBB.1.9.1	Rekombinant	FL.4.9
XBB.1.9.1	Rekombinant	FL.40
XBB.1.9.1	Rekombinant	FL.5
XBB.1.9.1	Rekombinant	FL.5.1
XBB.1.9.1	Rekombinant	FL.6
XBB.1.9.1	Rekombinant	FL.7
XBB.1.9.1	Rekombinant	FL.8
XBB.1.9.1	Rekombinant	FL.9
XBB.1.9.1	Rekombinant	HN.1
XBB.1.9.1	Rekombinant	HN.2
XBB.1.9.1	Rekombinant	HN.2.1
XBB.1.9.1	Rekombinant	HN.3
XBB.1.9.1	Rekombinant	HN.3.1
XBB.1.9.1	Rekombinant	HN.4
XBB.1.9.1	Rekombinant	HN.4.1
XBB.1.9.1	Rekombinant	HN.4.1.1
XBB.1.9.1	Rekombinant	HN.4.2
XBB.1.9.1	Rekombinant	HN.5
XBB.1.9.1	Rekombinant	HN.6
XBB.1.9.1	Rekombinant	HN.7
XBB.1.9.1	Rekombinant	HN.8
XBB.1.9.1	Rekombinant	KC.1
XBB.1.9.1	Rekombinant	KC.1.1
XBB.1.9.1	Rekombinant	KF.1
XBB.1.9.1	Rekombinant	KF.2
XBB.1.9.1	Rekombinant	XBB.1.9.1
XBB.1.9.2	Rekombinant	EG.1
XBB.1.9.2	Rekombinant	EG.1.1
XBB.1.9.2	Rekombinant	EG.1.2
XBB.1.9.2	Rekombinant	EG.1.3
XBB.1.9.2	Rekombinant	EG.1.4
XBB.1.9.2	Rekombinant	EG.1.4.1
XBB.1.9.2	Rekombinant	EG.1.5
XBB.1.9.2	Rekombinant	EG.1.6
XBB.1.9.2	Rekombinant	EG.1.7
XBB.1.9.2	Rekombinant	EG.1.8
XBB.1.9.2	Rekombinant	EG.10
XBB.1.9.2	Rekombinant	EG.10.1
XBB.1.9.2	Rekombinant	EG.10.1.1
XBB.1.9.2	Rekombinant	EG.11
XBB.1.9.2	Rekombinant	EG.12
XBB.1.9.2	Rekombinant	EG.13
XBB.1.9.2	Rekombinant	EG.14
XBB.1.9.2	Rekombinant	EG.2
XBB.1.9.2	Rekombinant	EG.2.1
XBB.1.9.2	Rekombinant	EG.2.2
XBB.1.9.2	Rekombinant	EG.2.3
XBB.1.9.2	Rekombinant	EG.2.4
XBB.1.9.2	Rekombinant	EG.2.5
XBB.1.9.2	Rekombinant	EG.3
XBB.1.9.2	Rekombinant	EG.4
XBB.1.9.2	Rekombinant	EG.4.1
XBB.1.9.2	Rekombinant	EG.4.2
XBB.1.9.2	Rekombinant	EG.4.3
XBB.1.9.2	Rekombinant	EG.4.4
XBB.1.9.2	Rekombinant	EG.4.5
XBB.1.9.2	Rekombinant	EG.6
XBB.1.9.2	Rekombinant	EG.6.1
XBB.1.9.2	Rekombinant	EG.6.1.1
XBB.1.9.2	Rekombinant	EG.6.1.2
XBB.1.9.2	Rekombinant	EG.7
XBB.1.9.2	Rekombinant	EG.8
XBB.1.9.2	Rekombinant	EG.9
XBB.1.9.2	Rekombinant	EG.9.1
XBB.1.9.2	Rekombinant	XBB.1.9.2
XBB.2.3	Rekombinant	GE.1
XBB.2.3	Rekombinant	GE.1.1
XBB.2.3	Rekombinant	GE.1.2
XBB.2.3	Rekombinant	GE.1.2.1
XBB.2.3	Rekombinant	GE.1.3
XBB.2.3	Rekombinant	GE.1.4
XBB.2.3	Rekombinant	GE.1.5
XBB.2.3	Rekombinant	GE.1.6
XBB.2.3	Rekombinant	GJ.1
XBB.2.3	Rekombinant	GJ.1.1
XBB.2.3	Rekombinant	GJ.1.2
XBB.2.3	Rekombinant	GJ.1.2.1
XBB.2.3	Rekombinant	GJ.1.2.2
XBB.2.3	Rekombinant	GJ.1.2.3
XBB.2.3	Rekombinant	GJ.1.2.4
XBB.2.3	Rekombinant	GJ.1.2.5
XBB.2.3	Rekombinant	GJ.1.2.6
XBB.2.3	Rekombinant	GJ.1.2.7
XBB.2.3	Rekombinant	GJ.1.2.8
XBB.2.3	Rekombinant	GJ.2
XBB.2.3	Rekombinant	GJ.3
XBB.2.3	Rekombinant	GJ.4
XBB.2.3	Rekombinant	GJ.5
XBB.2.3	Rekombinant	GJ.5.1
XBB.2.3	Rekombinant	GJ.6
XBB.2.3	Rekombinant	GJ.7
XBB.2.3	Rekombinant	GM.1
XBB.2.3	Rekombinant	GM.2
XBB.2.3	Rekombinant	GM.3
XBB.2.3	Rekombinant	GM.3.1
XBB.2.3	Rekombinant	GS.1
XBB.2.3	Rekombinant	GS.2
XBB.2.3	Rekombinant	GS.3
XBB.2.3	Rekombinant	GS.4
XBB.2.3	Rekombinant	GS.4.1
XBB.2.3	Rekombinant	GS.4.1.1
XBB.2.3	Rekombinant	GS.5
XBB.2.3	Rekombinant	GS.6
XBB.2.3	Rekombinant	GS.7
XBB.2.3	Rekombinant	GS.7.1
XBB.2.3	Rekombinant	GS.8
XBB.2.3	Rekombinant	GZ.1
XBB.2.3	Rekombinant	HG.1
XBB.2.3	Rekombinant	HG.1.1
XBB.2.3	Rekombinant	HG.2
XBB.2.3	Rekombinant	HG.3
XBB.2.3	Rekombinant	HH.1
XBB.2.3	Rekombinant	HH.1.1
XBB.2.3	Rekombinant	HH.2
XBB.2.3	Rekombinant	HH.2.1
XBB.2.3	Rekombinant	HH.3
XBB.2.3	Rekombinant	HH.4
XBB.2.3	Rekombinant	HH.5
XBB.2.3	Rekombinant	HH.6
XBB.2.3	Rekombinant	HH.7
XBB.2.3	Rekombinant	HH.8
XBB.2.3	Rekombinant	HH.8.1
XBB.2.3	Rekombinant	JA.1
XBB.2.3	Rekombinant	JE.1
XBB.2.3	Rekombinant	JE.1.1
XBB.2.3	Rekombinant	JE.1.1.1
XBB.2.3	Rekombinant	JS.1
XBB.2.3	Rekombinant	JS.2
XBB.2.3	Rekombinant	JU.1
XBB.2.3	Rekombinant	JY.1
XBB.2.3	Rekombinant	JY.1.1
XBB.2.3	Rekombinant	KH.1
XBB.2.3	Rekombinant	XBB.2.3
XBB.2.3	Rekombinant	XBB.2.3.1
XBB.2.3	Rekombinant	XBB.2.3.10
XBB.2.3	Rekombinant	XBB.2.3.11
XBB.2.3	Rekombinant	XBB.2.3.12
XBB.2.3	Rekombinant	XBB.2.3.13
XBB.2.3	Rekombinant	XBB.2.3.14
XBB.2.3	Rekombinant	XBB.2.3.15
XBB.2.3	Rekombinant	XBB.2.3.16
XBB.2.3	Rekombinant	XBB.2.3.17
XBB.2.3	Rekombinant	XBB.2.3.18
XBB.2.3	Rekombinant	XBB.2.3.19
XBB.2.3	Rekombinant	XBB.2.3.2
XBB.2.3	Rekombinant	XBB.2.3.20
XBB.2.3	Rekombinant	XBB.2.3.21
XBB.2.3	Rekombinant	XBB.2.3.22
XBB.2.3	Rekombinant	XBB.2.3.3
XBB.2.3	Rekombinant	XBB.2.3.4
XBB.2.3	Rekombinant	XBB.2.3.5
XBB.2.3	Rekombinant	XBB.2.3.6
XBB.2.3	Rekombinant	XBB.2.3.7
XBB.2.3	Rekombinant	XBB.2.3.8
XBB.2.3	Rekombinant	XBB.2.3.9
BA.2.86	Omikron	BA.2.86
BA.2.86	Omikron	BA.2.86.1
BA.2.86	Omikron	BA.2.86.2
BA.2.86	Omikron	BA.2.86.3
BA.2.86	Omikron	BA.2.86.4
BA.2.86	Omikron	BA.2.86.5
BA.2.86	Omikron	JN.10
BA.2.86	Omikron	JN.11
BA.2.86	Omikron	JN.12
BA.2.86	Omikron	JN.2
BA.2.86	Omikron	JN.2.1
BA.2.86	Omikron	JN.2.2
BA.2.86	Omikron	JN.2.3
BA.2.86	Omikron	JN.2.4
BA.2.86	Omikron	JN.2.5
BA.2.86	Omikron	JN.3
BA.2.86	Omikron	JN.3.1
BA.2.86	Omikron	JN.3.2
BA.2.86	Omikron	JN.3.2.1
BA.2.86	Omikron	JN.4
BA.2.86	Omikron	JN.5
BA.2.86	Omikron	JN.5.1
BA.2.86	Omikron	JN.6
BA.2.86	Omikron	JN.7
BA.2.86	Omikron	JN.8
BA.2.86	Omikron	JN.9
BA.2.86	Omikron	JQ.1
JN.1	Omikron	JN.1
JN.1	Omikron	JN.1.1
JN.1	Omikron	JN.1.1.1
JN.1	Omikron	JN.1.1.2
JN.1	Omikron	JN.1.1.3
JN.1	Omikron	JN.1.10
JN.1	Omikron	JN.1.11
JN.1	Omikron	JN.1.11.1
JN.1	Omikron	JN.1.12
JN.1	Omikron	JN.1.2
JN.1	Omikron	JN.1.3
JN.1	Omikron	JN.1.4
JN.1	Omikron	JN.1.5
JN.1	Omikron	JN.1.6
JN.1	Omikron	JN.1.6.1
JN.1	Omikron	JN.1.7
JN.1	Omikron	JN.1.8
JN.1	Omikron	JN.1.8.1
JN.1	Omikron	JN.1.9
